{"mel_mean": -5.261894226074219, "mel_std": 3.9305872917175293}