{
  "pitch_mean_hz": 240.73977661132812,
  "pitch_std_hz": 49.79673767089844,
  "speaking_rate": 6.969816130772007,
  "energy_mean": 0.008646815083920956,
  "n_segments": 200
}